Spacer_id,Phage_id,Perc_id,Length,Mismatches,Gapopen,query_start,query_end,Mapped_start_site,Mapped_end_site,evalue,bitscore,Genome_id,orientation,orientation_score,orientation_confidence,questionable_array,array_score,CRISPR-start,CRISPR-end,repeat_start,repeat_end,spacer_start,spacer_end,dr_repeat_original,dr_repeat_concensous,spacer,Array_tool,RUN,array_number,spacer_number,distance,mapped_strand
Ga0114970_10007914::0:7554|spacer_start_pos:1340|spacer_end_pos:1374|global_start_pos:1340|global_end_pos:1374|array_tool:CRISPRDETECT.CRT.PILERCR,genome_block_14362|Ga0304730_1002093,100.000,14540,0,0,97,36,11934,11900,5.47e-11,65.8,Ga0114970_10007914::0:7554,Reverse,0.0,HIGH,NO,3.22,447,1553,1303,1339,1340,1374,GTGTCCATTGATCATCGCCGCGTCGGCCTCCGCGGC,GTGTCCATTGATCATCGCCGCGTCGGCCTCCGCGGC,CTCCTGCATCAGCCTGTTGGACTAAACGCATTTAGG,CRISPRDETECT.CRT.PILERCR,6991857200379446393,216,12,5408.5,1
Ga0114970_10007914::0:7554|spacer_start_pos:1340|spacer_end_pos:1374|global_start_pos:1340|global_end_pos:1374|array_tool:CRISPRDETECT.CRT.PILERCR,genome_block_12765|Ga0209596_1007016,100.000,8028,0,0,97,36,1891,1925,5.43e-11,65.8,Ga0114970_10007914::0:7554,Reverse,0.0,HIGH,NO,3.22,447,1553,1303,1339,1340,1374,GTGTCCATTGATCATCGCCGCGTCGGCCTCCGCGGC,GTGTCCATTGATCATCGCCGCGTCGGCCTCCGCGGC,CTCCTGCATCAGCCTGTTGGACTAAACGCATTTAGG,CRISPRDETECT.CRT.PILERCR,6991857200379446393,216,12,5604.5,1
Ga0209190_1003630::0:10214|spacer_start_pos:1344|spacer_end_pos:1378|global_start_pos:1344|global_end_pos:1378|array_tool:CRISPRDETECT.CRT.PILERCR,genome_block_12758|Ga0209086_10001559,100.000,18520,0,0,97,36,16444,16410,5.25e-11,65.8,Ga0209190_1003630::0:10214,Reverse,0.0,HIGH,NO,3.22,451,1557,1307,1343,1344,1378,GTGTCCATTGATCATCGCCGCGTCGGCCTCCGCGGC,GTGTCCATTGATCATCGCCGCGTCGGCCTCCGCGGC,CTCCTGCATCAGCCTGTTGGACTAAACGCATTTAGG,CRISPRDETECT.CRT.PILERCR,6991857200379446393,223,12,5581.5,1
Ga0247831_1006672::0:13454|spacer_start_pos:1757|spacer_end_pos:1791|global_start_pos:1757|global_end_pos:1791|array_tool:CRISPRDETECT.CRT.PILERCR,genome_block_12274|Ga0247833_1001447,100.000,38484,0,0,100,36,37851,37886,1.48e-11,67.6,Ga0247831_1006672::0:13454,Reverse,0.37,LOW,NO,3.26,18,2113,1720,1756,1757.0,1791.0,CCGCCTCAATCTCTTTGAAACAGCGGCGACTGCGTC,CCGCCTCAATCTCTTTGAAACAGCGGCGACTGCGTC,CGTGAAACCCGCGAGTGGTGGAGTAGCGCACGCAGG,CRISPRDETECT.CRT.PILERCR,6991857200379446393,130,24,31555.0,-1
Ga0247831_1006672::0:13454|spacer_start_pos:1615|spacer_end_pos:1648|global_start_pos:1615|global_end_pos:1648|array_tool:CRISPRDETECT.CRT.PILERCR,genome_block_14067|Ga0247835_1000965,97.143,37622,1,0,100,35,11993,11959,2.37e-09,60.2,Ga0247831_1006672::0:13454,Reverse,0.37,LOW,NO,3.26,18,2113,1578,1614,1615,1648,CCGCCTCAATCTCTTTGAAACAGCGGCGACTGCGTC,CCGCCTCAATCTCTTTGAAACAGCGGCGACTGCGTC,TGCACCGCGGTGCCGGTGCCGATGAGGCCGTTGAG,CRISPRDETECT.CRT.PILERCR,6991857200379446393,130,22,-24338.5,1
Ga0247831_1006672::0:13454|spacer_start_pos:1757|spacer_end_pos:1791|global_start_pos:1757|global_end_pos:1791|array_tool:CRISPRDETECT.CRT.PILERCR,genome_block_14067|Ga0247835_1000937,100.000,38484,0,0,100,36,20044,20009,1.52e-11,67.6,Ga0247831_1006672::0:13454,Reverse,0.37,LOW,NO,3.26,18,2113,1720,1756,1757,1791,CCGCCTCAATCTCTTTGAAACAGCGGCGACTGCGTC,CCGCCTCAATCTCTTTGAAACAGCGGCGACTGCGTC,CGTGAAACCCGCGAGTGGTGGAGTAGCGCACGCAGG,CRISPRDETECT.CRT.PILERCR,6991857200379446393,130,24,-6802.0,-1
Ga0247831_1006672::0:13454|spacer_start_pos:1615|spacer_end_pos:1648|global_start_pos:1615|global_end_pos:1648|array_tool:CRISPRDETECT.CRT.PILERCR,genome_block_14053|Ga0247838_1000747,97.143,50293,1,0,100,35,1167,1201,2.18e-09,60.2,Ga0247831_1006672::0:13454,Reverse,0.37,LOW,NO,3.26,18,2113,1578,1614,1615,1648,CCGCCTCAATCTCTTTGAAACAGCGGCGACTGCGTC,CCGCCTCAATCTCTTTGAAACAGCGGCGACTGCGTC,TGCACCGCGGTGCCGGTGCCGATGAGGCCGTTGAG,CRISPRDETECT.CRT.PILERCR,6991857200379446393,130,22,27398.5,1
Ga0247836_1006222::0:13396|spacer_start_pos:11803|spacer_end_pos:11838|global_start_pos:11803|global_end_pos:11838|array_tool:CRISPRDETECT.CRT.PILERCR,genome_block_12274|Ga0247833_1001447,100.000,38484,0,0,100,36,27243,27278,1.48e-11,67.6,Ga0247836_1006222::0:13396,Forward,0.64,LOW,NO,3.26,11342,13365,11766,11802,11803,11838,GACGCAGTCGCCGCTGTTTCAAAGAGATTGAGGCGG,GACGCAGTCGCCGCTGTTTCAAAGAGATTGAGGCGG,TTTGGCGGCTCGCTGCGCACGGCGGGGGGCGTCGAA,CRISPRDETECT.CRT.PILERCR,6991857200379446393,151,21,5739.0,1
Ga0247836_1006222::0:13396|spacer_start_pos:12160|spacer_end_pos:12195|global_start_pos:12160|global_end_pos:12195|array_tool:CRISPRDETECT.CRT.PILERCR,genome_block_12274|Ga0247833_1001447,100.000,38484,0,0,100,36,6972,6937,1.48e-11,67.6,Ga0247836_1006222::0:13396,Forward,0.64,LOW,NO,3.26,11342,13365,12123,12159,12160.0,12195.0,GACGCAGTCGCCGCTGTTTCAAAGAGATTGAGGCGG,GACGCAGTCGCCGCTGTTTCAAAGAGATTGAGGCGG,TGCCAGCGGCGGGACCAGGCTTCGGTGGTGTTTAGT,CRISPRDETECT.CRT.PILERCR,6991857200379446393,151,16,-14567.0,-1
Ga0247836_1006222::0:13396|spacer_start_pos:12160|spacer_end_pos:12195|global_start_pos:12160|global_end_pos:12195|array_tool:CRISPRDETECT.CRT.PILERCR,genome_block_14067|Ga0247835_1000937,100.000,38484,0,0,100,36,12566,12601,1.52e-11,67.6,Ga0247836_1006222::0:13396,Forward,0.64,LOW,NO,3.26,11342,13365,12123,12159,12160,12195,GACGCAGTCGCCGCTGTTTCAAAGAGATTGAGGCGG,GACGCAGTCGCCGCTGTTTCAAAGAGATTGAGGCGG,TGCCAGCGGCGGGACCAGGCTTCGGTGGTGTTTAGT,CRISPRDETECT.CRT.PILERCR,6991857200379446393,151,16,23790.0,-1
Ga0247836_1006222::0:13396|spacer_start_pos:11803|spacer_end_pos:11838|global_start_pos:11803|global_end_pos:11838|array_tool:CRISPRDETECT.CRT.PILERCR,genome_block_14053|Ga0247838_1000747,100.000,50293,0,0,100,36,46010,45975,1.40e-11,67.6,Ga0247836_1006222::0:13396,Forward,0.64,LOW,NO,3.26,11342,13365,11766,11802,11803,11838,GACGCAGTCGCCGCTGTTTCAAAGAGATTGAGGCGG,GACGCAGTCGCCGCTGTTTCAAAGAGATTGAGGCGG,TTTGGCGGCTCGCTGCGCACGGCGGGGGGCGTCGAA,CRISPRDETECT.CRT.PILERCR,6991857200379446393,151,21,-32618.0,1
Ga0247836_1006222::0:13396|spacer_start_pos:11803|spacer_end_pos:11838|global_start_pos:11803|global_end_pos:11838|array_tool:CRISPRDETECT.CRT.PILERCR,genome_block_12271|Ga0247836_1001649,100.000,34890,0,0,100,36,4303,4338,1.54e-11,67.6,Ga0247836_1006222::0:13396,Forward,0.64,LOW,NO,3.26,11342,13365,11766,11802,11803,11838,GACGCAGTCGCCGCTGTTTCAAAGAGATTGAGGCGG,GACGCAGTCGCCGCTGTTTCAAAGAGATTGAGGCGG,TTTGGCGGCTCGCTGCGCACGGCGGGGGGCGTCGAA,CRISPRDETECT.CRT.PILERCR,6991857200379446393,151,21,18051.0,-1
Ga0247836_1006222::0:13396|spacer_start_pos:11521|spacer_end_pos:11554|global_start_pos:11521|global_end_pos:11554|array_tool:CRISPRDETECT.CRT.PILERCR,genome_block_14067|Ga0247835_1001131,100.000,34298,0,0,100,34,3649,3616,1.69e-10,63.9,Ga0247836_1006222::0:13396,Forward,0.64,LOW,NO,3.26,11342,13365,11484,11520,11521,11554,GACGCAGTCGCCGCTGTTTCAAAGAGATTGAGGCGG,GACGCAGTCGCCGCTGTTTCAAAGAGATTGAGGCGG,CGCCAGACCCTGCTTGACACACGCCACTCTGCCG,CRISPRDETECT.CRT.PILERCR,6991857200379446393,151,25,-17335.0,-1
Ga0247837_1009246::0:11931|spacer_start_pos:11229|spacer_end_pos:11264|global_start_pos:11229|global_end_pos:11264|array_tool:CRISPRDETECT.PILERCR,genome_block_14053|Ga0247838_1000747,100.000,50293,0,0,100,36,35367,35402,1.40e-11,67.6,Ga0247837_1009246::0:11931,Forward,0.37,,NO,3.26,10907,11930,11192,11228,11229,11264,GACGCAGTCGCCGCTGTTTCAAAGAGATTGAGGCGG,GACGCAGTCGCCGCTGTTTCAAAGAGATTGAGGCGG,CCTGCGTGCGCTACTCCACCACTCGCGGGTTTCACG,CRISPRDETECT.PILERCR,6991857200379446393,405,17,-34200.5,-1
Ga0116149_1005536::0:11773|spacer_start_pos:10346|spacer_end_pos:10379|global_start_pos:10346|global_end_pos:10379|array_tool:CRISPRDETECT.CRT.PILERCR,genome_block_30313|Ga0116149_1029362,100.000,3615,0,0,100,34,1384,1351,1.69e-10,63.9,Ga0116149_1005536::0:11773,Reverse,0.37,,NO,3.26,7603,11687,10309,10345,10346.0,10379.0,GTCGCGGCATCCACGAAGCCAATGACCTTGTGGCGG,GTCGCGGCATCCACGAAGCCAATGACCTTGTGGCGG,ACGCGCAGTGGGCGTTCTACTACGACGGCGCGAT,CRISPRDETECT.CRT.PILERCR,6991857200379446393,270,38,-1868.5,1
Ga0116149_1005536::0:11773|spacer_start_pos:10416|spacer_end_pos:10450|global_start_pos:10416|global_end_pos:10450|array_tool:CRISPRDETECT.CRT.PILERCR,genome_block_30313|Ga0116149_1029362,100.000,3615,0,0,100,35,400,366,5.10e-11,65.8,Ga0116149_1005536::0:11773,Reverse,0.37,,NO,3.26,7603,11687,10379,10415,10416.0,10450.0,GTCGCGGCATCCACGAAGCCAATGACCTTGTGGCGG,GTCGCGGCATCCACGAAGCCAATGACCTTGTGGCGG,GCAGTGGCGAACGCCGAAGACTCTGGCGAATTTGT,CRISPRDETECT.CRT.PILERCR,6991857200379446393,270,39,-2853.0,1
Ga0116149_1005536::0:11773|spacer_start_pos:10416|spacer_end_pos:10450|global_start_pos:10416|global_end_pos:10450|array_tool:CRISPRDETECT.CRT.PILERCR,genome_block_11179|Ga0209606_1031146,100.000,2691,0,0,100,35,2339,2373,5.04e-11,65.8,Ga0116149_1005536::0:11773,Reverse,0.37,,NO,3.26,7603,11687,10379,10415,10416,10450,GTCGCGGCATCCACGAAGCCAATGACCTTGTGGCGG,GTCGCGGCATCCACGAAGCCAATGACCTTGTGGCGG,GCAGTGGCGAACGCCGAAGACTCTGGCGAATTTGT,CRISPRDETECT.CRT.PILERCR,6991857200379446393,270,39,-984.5,1
Ga0116149_1005536::0:11773|spacer_start_pos:10346|spacer_end_pos:10379|global_start_pos:10346|global_end_pos:10379|array_tool:CRISPRDETECT.CRT.PILERCR,genome_block_2351|Ga0172380_10385314,100.000,1053,0,0,100,34,154,187,1.65e-10,63.9,Ga0116149_1005536::0:11773,Reverse,0.37,,NO,3.26,7603,11687,10309,10345,10346,10379,GTCGCGGCATCCACGAAGCCAATGACCTTGTGGCGG,GTCGCGGCATCCACGAAGCCAATGACCTTGTGGCGG,ACGCGCAGTGGGCGTTCTACTACGACGGCGCGAT,CRISPRDETECT.CRT.PILERCR,6991857200379446393,270,38,722.0,1
Ga0255341_1013682::0:6040|spacer_start_pos:4853|spacer_end_pos:4887|global_start_pos:4853|global_end_pos:4887|array_tool:CRISPRDETECT.CRT,genome_block_11178|Ga0209606_1001831,100.000,25249,0,0,100,35,13185,13219,4.98e-11,65.8,Ga0255341_1013682::0:6040,Forward,0.74,MEDIUM,NO,3.26,4745,5703,4816,4852,4853.0,4887.0,GGTGCCGACGTCGGCACCAACCTGATCGACGGACAC,GGTGCCGACGTCGGCACCAACCTGATCGACGGACAC,GTCGTGATAGTGGCAACCGGAACGTCCGTGCTACG,CRISPRDETECT.CRT,6991857200379446393,344,11,1629.0,1
Ga0116160_1004071::0:12404|spacer_start_pos:593|spacer_end_pos:627|global_start_pos:593|global_end_pos:627|array_tool:CRISPRDETECT.CRT.PILERCR,genome_block_30446|Ga0116159_1001787,100.000,22308,0,0,100,35,3888,3854,4.96e-11,65.8,Ga0116160_1004071::0:12404,Reverse,0.37,,NO,3.26,60,1158,556,592,593,627,GTGTCCGTTGATCAGGTTGGTTCCAAGGACAGCGAC,GTGTCCGTTGATCAGGTTGGTTCCAAGGACAGCGAC,TCGAAACCGTCTCGTAGGGACTGCCGGCACCAACA,CRISPRDETECT.CRT.PILERCR,6991857200379446393,29,7,-4478.0,1
Ga0116161_1003269::0:14545|spacer_start_pos:2095|spacer_end_pos:2130|global_start_pos:2095|global_end_pos:2130|array_tool:CRISPRDETECT.PILERCR,genome_block_14492|Ga0255343_1001147,97.222,36816,1,0,100,36,14244,14279,6.89e-10,62.1,Ga0116161_1003269::0:14545,Forward,0.37,,NO,3.26,1,3299,2058,2094,2095,2130,GTGTCCGTTGATCAGGTTGGTTCCAAGGACAGCGAC,GTGTCCGTTGATCAGGTTGGTTCCAAGGACAGCGAC,TTAAGCGTATTGGTCATCCATACCTTTGCCGCTTTT,CRISPRDETECT.PILERCR,6991857200379446393,102,32,-15876.5,1
Ga0116149_1001514::413:27878|spacer_start_pos:20107|spacer_end_pos:20141|global_start_pos:20520|global_end_pos:20554|array_tool:CRISPRDETECT.CRT.PILERCR,genome_block_30516|Ga0116154_10001317,97.143,21611,1,0,100,35,2720,2754,2.36e-09,60.2,Ga0116149_1001514::413:27878,Forward,0.78,MEDIUM,NO,3.25,20000,21813,20070,20106,20107,20141,AGTGCACACCATGCAGAGCAGATAACCTTGAGGCGG,AGTGCACACCATGCAGAGCAGATAACCTTGAGGCGG,AGCCCCCCGAAGGGAATTATTTACGGGCCTCCCGG,CRISPRDETECT.CRT.PILERCR,6991857200379446393,248,24,2009.0,-1
Ga0116189_1009941::0:5933|spacer_start_pos:4723|spacer_end_pos:4759|global_start_pos:4723|global_end_pos:4759|array_tool:CRISPRDETECT.CRT.PILERCR,genome_block_14499|Ga0255345_1007371,100.000,10317,0,0,100,37,3157,3121,4.58e-12,69.4,Ga0116189_1009941::0:5933,Forward,0.64,LOW,NO,3.26,4616,5931,4686,4722,4723,4759,GTCGCTGTCCTTGGAACCAACCTGATCAACGGACAC,GTCGCTGTCCTTGGAACCAACCTGATCAACGGACAC,ACGCCAAGAACGCGATGGACAATTCCGGGATCGGCAC,CRISPRDETECT.CRT.PILERCR,6991857200379446393,271,16,3501.0,1
Ga0192647_100593::0:25362|spacer_start_pos:7856|spacer_end_pos:7889|global_start_pos:7856|global_end_pos:7889|array_tool:CRISPRDETECT.PILERCR,genome_block_13307|Ga0209358_10004160,100.000,10447,0,0,100,35,9736,9702,4.77e-11,65.8,Ga0192647_100593::0:25362,Reverse,0.68,LOW,NO,3.16,7043,7997,7819,7855,7856,7889,GTCTTACCGCCCGACTTTTACTCCATAAGCTGACAC,GTCTTACCGCCCGACTTTTACTCCATAAGCTGACAC,ATGTAGTCTTTCCCGGTTTTCATCATGGTGGCCAA,CRISPRDETECT.PILERCR,6991857200379446393,349,22,-6037.5,-1
Ga0182743_1003992::0:11412|spacer_start_pos:10501|spacer_end_pos:10536|global_start_pos:10501|global_end_pos:10536|array_tool:CRISPRDETECT.CRT.PILERCR,genome_block_23305|Ga0065721_10056164,100.000,7102,0,0,100,36,362,397,1.52e-11,67.6,Ga0182743_1003992::0:11412,Forward,0.64,HIGH,NO,3.26,10323,11361,10464,10500,10501.0,10536.0,CCCGCGCTCGATGCGATGTCAGCGAGACTGAGGCGG,CCCGCGCTCGATGCGATGTCAGCGAGACTGAGGCGG,CACATCGTCCCGGTCGTCAAAGTTTGGGCTGTCGTA,CRISPRDETECT.CRT.PILERCR,6991857200379446393,141,11,-1818.0,1
Ga0209723_1015384::0:5365|spacer_start_pos:2501|spacer_end_pos:2534|global_start_pos:2501|global_end_pos:2534|array_tool:CRISPRDETECT.CRT.PILERCR,genome_block_11946|Ga0209723_1044145,100.000,2264,0,0,100,35,484,518,4.94e-11,65.8,Ga0209723_1015384::0:5365,Reverse,0.37,MEDIUM,NO,3.16,1555,2855,2464,2500,2501.0,2534.0,GTGTCAGTTGATCACTTGGTCGGCGACGTCGCCGAC,GTGTCAGTTGATCACTTGGTCGGCGACGTCGCCGAC,GAATATGCGGCACTGCCGCCACACCTGAGATAAGG,CRISPRDETECT.CRT.PILERCR,6991857200379446393,80,13,-323.5,1
Ga0209723_1015384::0:5365|spacer_start_pos:2572|spacer_end_pos:2606|global_start_pos:2572|global_end_pos:2606|array_tool:CRISPRDETECT.CRT.PILERCR,genome_block_30202|Ga0123330_1001565,100.000,22340,0,0,100,36,13762,13797,1.48e-11,67.6,Ga0209723_1015384::0:5365,Reverse,0.37,MEDIUM,NO,3.16,1555,2855,2535,2571,2572,2606,GTGTCAGTTGATCACTTGGTCGGCGACGTCGCCGAC,GTGTCAGTTGATCACTTGGTCGGCGACGTCGCCGAC,GGCGGCATCGGGGCAAGGCTGACCGGCACAAAGCTG,CRISPRDETECT.CRT.PILERCR,6991857200379446393,80,14,7031.0,1
Ga0209723_1015384::0:5365|spacer_start_pos:2572|spacer_end_pos:2606|global_start_pos:2572|global_end_pos:2606|array_tool:CRISPRDETECT.CRT.PILERCR,genome_block_11933|Ga0209312_1002840,100.000,10946,0,0,100,36,8466,8431,1.47e-11,67.6,Ga0209723_1015384::0:5365,Reverse,0.37,MEDIUM,NO,3.16,1555,2855,2535,2571,2572,2606,GTGTCAGTTGATCACTTGGTCGGCGACGTCGCCGAC,GTGTCAGTTGATCACTTGGTCGGCGACGTCGCCGAC,GGCGGCATCGGGGCAAGGCTGACCGGCACAAAGCTG,CRISPRDETECT.CRT.PILERCR,6991857200379446393,80,14,6923.0,1
Ga0182016_10037500::0:3969|spacer_start_pos:3196|spacer_end_pos:3230|global_start_pos:3196|global_end_pos:3230|array_tool:CRISPRDETECT.PILERCR,genome_block_14088|Ga0255349_1007149,100.000,3141,0,0,100,35,3080,3114,4.85e-11,65.8,Ga0182016_10037500::0:3969,Forward,0.64,LOW,NO,3.26,2804,3970,3159,3195,3196.0,3230.0,GGCGCGCAGGCCAGCGCGCCAATGATCGACTGACAC,GGCGCGCAGGCCAGCGCGCCAATGATCGACTGACAC,TCGAGTTGTCCTGATACGCACCATTGACCTGGAGA,CRISPRDETECT.PILERCR,6991857200379446393,7,20,-1085.0,-1
Ga0182016_10037500::0:3969|spacer_start_pos:2911|spacer_end_pos:2944|global_start_pos:2911|global_end_pos:2944|array_tool:CRISPRDETECT.PILERCR,genome_block_14082|Ga0255352_1000049,97.059,60165,1,0,100,34,17196,17229,7.45e-09,58.4,Ga0182016_10037500::0:3969,Forward,0.64,LOW,NO,3.26,2804,3970,2874,2910,2911,2944,GGCGCGCAGGCCAGCGCGCCAATGATCGACTGACAC,GGCGCGCAGGCCAGCGCGCCAATGATCGACTGACAC,GTGGTTGGCCCGGTACGAGAACGCCATCGTGGTG,CRISPRDETECT.PILERCR,6991857200379446393,7,28,-15832.5,1
Ga0182016_10037500::0:3969|spacer_start_pos:2981|spacer_end_pos:3016|global_start_pos:2981|global_end_pos:3016|array_tool:CRISPRDETECT.PILERCR,genome_block_14082|Ga0255352_1000049,100.000,60165,0,0,100,36,31923,31888,1.44e-11,67.6,Ga0182016_10037500::0:3969,Forward,0.64,LOW,NO,3.26,2804,3970,2944,2980,2981,3016,GGCGCGCAGGCCAGCGCGCCAATGATCGACTGACAC,GGCGCGCAGGCCAGCGCGCCAATGATCGACTGACAC,GTGGTGGACGGGACCGAGCTGAACTTCGCCTGGTTC,CRISPRDETECT.PILERCR,6991857200379446393,7,26,-1139.5,-1
Ga0182016_10037500::0:3969|spacer_start_pos:2911|spacer_end_pos:2944|global_start_pos:2911|global_end_pos:2944|array_tool:CRISPRDETECT.PILERCR,genome_block_8726|Ga0224529_1000108,97.059,61059,1,0,100,34,11239,11206,7.62e-09,58.4,Ga0182016_10037500::0:3969,Forward,0.64,LOW,NO,3.26,2804,3970,2874,2910,2911,2944,GGCGCGCAGGCCAGCGCGCCAATGATCGACTGACAC,GGCGCGCAGGCCAGCGCGCCAATGATCGACTGACAC,GTGGTTGGCCCGGTACGAGAACGCCATCGTGGTG,CRISPRDETECT.PILERCR,6991857200379446393,7,28,46059.5,1
Ga0182016_10037500::0:3969|spacer_start_pos:3125|spacer_end_pos:3159|global_start_pos:3125|global_end_pos:3159|array_tool:CRISPRDETECT.PILERCR,genome_block_8986|Ga0224519_1000006,97.143,24874,1,0,100,35,12286,12252,2.12e-09,60.2,Ga0182016_10037500::0:3969,Forward,0.64,LOW,NO,3.26,2804,3970,3088,3124,3125,3159,GGCGCGCAGGCCAGCGCGCCAATGATCGACTGACAC,GGCGCGCAGGCCAGCGCGCCAATGATCGACTGACAC,AACACCTTGCCTTTGCCGGCTGCCAGGATGACGGT,CRISPRDETECT.PILERCR,6991857200379446393,7,22,-4845.0,-1
Ga0182016_10037500::0:3969|spacer_start_pos:3125|spacer_end_pos:3159|global_start_pos:3125|global_end_pos:3159|array_tool:CRISPRDETECT.PILERCR,genome_block_34531|QGNH01000622.1,97.143,37908,1,0,100,35,24685,24719,2.39e-09,60.2,Ga0182016_10037500::0:3969,Forward,0.64,LOW,NO,3.26,2804,3970,3088,3124,3125,3159,GGCGCGCAGGCCAGCGCGCCAATGATCGACTGACAC,GGCGCGCAGGCCAGCGCGCCAATGATCGACTGACAC,AACACCTTGCCTTTGCCGGCTGCCAGGATGACGGT,CRISPRDETECT.PILERCR,6991857200379446393,7,22,-4253.0,-1
Ga0182016_10037500::0:3969|spacer_start_pos:3125|spacer_end_pos:3159|global_start_pos:3125|global_end_pos:3159|array_tool:CRISPRDETECT.PILERCR,genome_block_34531|QGNH01001632.1,97.143,14798,1,0,100,35,7389,7355,2.39e-09,60.2,Ga0182016_10037500::0:3969,Forward,0.64,LOW,NO,3.26,2804,3970,3088,3124,3125,3159,GGCGCGCAGGCCAGCGCGCCAATGATCGACTGACAC,GGCGCGCAGGCCAGCGCGCCAATGATCGACTGACAC,AACACCTTGCCTTTGCCGGCTGCCAGGATGACGGT,CRISPRDETECT.PILERCR,6991857200379446393,7,22,-4788.0,-1
Ga0182016_10037500::0:3969|spacer_start_pos:2981|spacer_end_pos:3016|global_start_pos:2981|global_end_pos:3016|array_tool:CRISPRDETECT.PILERCR,genome_block_16065|Ga0302188_10080549,100.000,1475,0,0,100,36,1044,1009,1.51e-11,67.6,Ga0182016_10037500::0:3969,Forward,0.64,LOW,NO,3.26,2804,3970,2944,2980,2981.0,3016.0,GGCGCGCAGGCCAGCGCGCCAATGATCGACTGACAC,GGCGCGCAGGCCAGCGCGCCAATGATCGACTGACAC,GTGGTGGACGGGACCGAGCTGAACTTCGCCTGGTTC,CRISPRDETECT.PILERCR,6991857200379446393,7,26,53.5,1
Ga0182016_10037500::0:3969|spacer_start_pos:2841|spacer_end_pos:2874|global_start_pos:2841|global_end_pos:2874|array_tool:CRISPRDETECT.CRT.PILERCR,genome_block_15689|Ga0311343_10036047,100.000,6476,0,0,100,34,2959,2926,1.69e-10,63.9,Ga0182016_10037500::0:3969,Forward,0.64,LOW,NO,3.26,2804,3970,2804,2840,2841,2874,GGCGCGCAGGCCAGCGCGCCAATGATCGACTGACAC,GGCGCGCAGGCCAGCGCGCCAATGATCGACTGACAC,CAACTTGCAGAGGCTCGGCTGGAGATCGTTCAGC,CRISPRDETECT.CRT.PILERCR,6991857200379446393,7,30,1797.0,1
Ga0255355_1000451::0:24862|spacer_start_pos:15769|spacer_end_pos:15803|global_start_pos:15769|global_end_pos:15803|array_tool:CRISPRDETECT.CRT.PILERCR,genome_block_34531|QGNH01000622.1,100.000,37908,0,0,100,35,21489,21455,5.13e-11,65.8,Ga0255355_1000451::0:24862,Forward,0.37,,NO,3.26,13514,17337,15732,15768,15769,15803,GGCGCGCAGGCCAGCGCGCCAATGATCGACTGACAC,GGCGCGCAGGCCAGCGCGCCAATGATCGACTGACAC,TCAGCCAGATCAACGGCTCCGTGTCCGGTTCCGCT,CRISPRDETECT.CRT.PILERCR,6991857200379446393,377,21,6570.0,-1
Ga0255355_1000451::0:24862|spacer_start_pos:15199|spacer_end_pos:15234|global_start_pos:15199|global_end_pos:15234|array_tool:CRISPRDETECT.CRT.PILERCR,genome_block_2810|Ga0182027_10934616,100.000,894,0,0,100,36,115,150,1.46e-11,67.6,Ga0255355_1000451::0:24862,Forward,0.37,,NO,3.26,13514,17337,15162,15198,15199.0,15234.0,GGCGCGCAGGCCAGCGCGCCAATGATCGACTGACAC,GGCGCGCAGGCCAGCGCGCCAATGATCGACTGACAC,GCGATAAAAGCGTTCATGCGCCCCGGCAGGCTTCCA,CRISPRDETECT.CRT.PILERCR,6991857200379446393,377,29,-629.5,1
Ga0224530_1000712::0:20146|spacer_start_pos:4039|spacer_end_pos:4071|global_start_pos:4039|global_end_pos:4071|array_tool:CRISPRDETECT.CRT.PILERCR,genome_block_8340|Ga0224534_1000355,100.000,30263,0,0,100,33,23455,23487,5.37e-10,62.1,Ga0224530_1000712::0:20146,Forward,5.65,HIGH,NO,6.25,3738,7517,4005,4038,4039,4071,GTCGCCCCCCACGCGGGGGGCGTGGATTGAAAC,GTCGCCCCCCACGCGGGGGGCGTGGATTGAAAC,GCCTGTGCAGTTGCAGGGATACTCGGCTGACAA,CRISPRDETECT.CRT.PILERCR,6991857200379446393,85,52,14775.5,1
Ga0116179_1007044::0:7084|spacer_start_pos:403|spacer_end_pos:437|global_start_pos:403|global_end_pos:437|array_tool:CRISPRDETECT.CRT.PILERCR,genome_block_11214|Ga0209608_1002249,100.000,13991,0,0,97,36,11246,11280,5.35e-11,65.8,Ga0116179_1007044::0:7084,Reverse,0.37,LOW,NO,3.26,3,546,366,402,403,437,GTGTCCGGCGTGATCGGGTTCTCTTCTGCTTGCTTC,GTGTCCGGCGTGATCGGGTTCTCTTCTGCTTGCTTC,CAAGGAAAAGGACGCCTTCATTCCCGGCATAGATTG,CRISPRDETECT.CRT.PILERCR,6991857200379446393,266,5,5653.0,-1
Ga0116179_1007044::0:7084|spacer_start_pos:403|spacer_end_pos:437|global_start_pos:403|global_end_pos:437|array_tool:CRISPRDETECT.CRT.PILERCR,genome_block_11208|Ga0209409_1003403,100.000,10473,0,0,97,36,3215,3181,5.39e-11,65.8,Ga0116179_1007044::0:7084,Reverse,0.37,LOW,NO,3.26,3,546,366,402,403,437,GTGTCCGGCGTGATCGGGTTCTCTTCTGCTTGCTTC,GTGTCCGGCGTGATCGGGTTCTCTTCTGCTTGCTTC,CAAGGAAAAGGACGCCTTCATTCCCGGCATAGATTG,CRISPRDETECT.CRT.PILERCR,6991857200379446393,266,5,5107.0,-1
Ga0116179_1007044::0:7084|spacer_start_pos:403|spacer_end_pos:437|global_start_pos:403|global_end_pos:437|array_tool:CRISPRDETECT.CRT.PILERCR,genome_block_11211|Ga0209720_1001239,100.000,22356,0,0,97,36,14282,14248,5.27e-11,65.8,Ga0116179_1007044::0:7084,Reverse,0.37,LOW,NO,3.26,3,546,366,402,403,437,GTGTCCGGCGTGATCGGGTTCTCTTCTGCTTGCTTC,GTGTCCGGCGTGATCGGGTTCTCTTCTGCTTGCTTC,CAAGGAAAAGGACGCCTTCATTCCCGGCATAGATTG,CRISPRDETECT.CRT.PILERCR,6991857200379446393,266,5,5755.0,-1
Ga0116186_1003584::0:13121|spacer_start_pos:1248|spacer_end_pos:1280|global_start_pos:1248|global_end_pos:1280|array_tool:CRISPRDETECT.CRT.PILERCR,genome_block_33716|MTKY01029118.1,97.059,2032,1,0,100,34,715,748,7.59e-09,58.4,Ga0116186_1003584::0:13121,Reverse,0.0,HIGH,NO,3.26,14,1811,1211,1247,1248.0,1280.0,GTGTCCGCCGATCGGCTCATTTCCGACGTCTGCCAC,GTGTCCGCCGATCGGCTCATTTCCGACGTCTGCCAC,AATCTCTGGTCGAATGGACCAGGGGTCAACTTCA,CRISPRDETECT.CRT.PILERCR,6991857200379446393,106,17,1157.5,1
Ga0116186_1003584::0:13121|spacer_start_pos:1601|spacer_end_pos:1633|global_start_pos:1601|global_end_pos:1633|array_tool:CRISPRDETECT.CRT.PILERCR,genome_block_30301|Ga0116187_1011875,100.000,6121,0,0,100,34,1020,987,1.67e-10,63.9,Ga0116186_1003584::0:13121,Reverse,0.0,HIGH,NO,3.26,14,1811,1564,1600,1601,1633,GTGTCCGCCGATCGGCTCATTTCCGACGTCTGCCAC,GTGTCCGCCGATCGGCTCATTTCCGACGTCTGCCAC,TCGCATACGAGGCCAAGGGCCGCGGCGACAACTG,CRISPRDETECT.CRT.PILERCR,6991857200379446393,106,22,-3246.5,1
Ga0116186_1003584::0:13121|spacer_start_pos:1390|spacer_end_pos:1421|global_start_pos:1390|global_end_pos:1421|array_tool:CRISPRDETECT.CRT.PILERCR,genome_block_30301|Ga0116187_1011875,100.000,6121,0,0,100,33,944,912,5.52e-10,62.1,Ga0116186_1003584::0:13121,Reverse,0.0,HIGH,NO,3.26,14,1811,1353,1389,1390,1421,GTGTCCGCCGATCGGCTCATTTCCGACGTCTGCCAC,GTGTCCGCCGATCGGCTCATTTCCGACGTCTGCCAC,GCTGACCCCGGCGCTTGATGTTCCGGTCACGTT,CRISPRDETECT.CRT.PILERCR,6991857200379446393,106,19,-3322.0,1
Ga0116186_1003584::0:13121|spacer_start_pos:1601|spacer_end_pos:1633|global_start_pos:1601|global_end_pos:1633|array_tool:CRISPRDETECT.CRT.PILERCR,genome_block_11167|Ga0209096_1306992,97.059,568,1,0,100,34,323,356,7.24e-09,58.4,Ga0116186_1003584::0:13121,Reverse,0.0,HIGH,NO,3.26,14,1811,1564,1600,1601,1633,GTGTCCGCCGATCGGCTCATTTCCGACGTCTGCCAC,GTGTCCGCCGATCGGCTCATTTCCGACGTCTGCCAC,TCGCATACGAGGCCAAGGGCCGCGGCGACAACTG,CRISPRDETECT.CRT.PILERCR,6991857200379446393,106,22,75.5,1
Ga0255341_1004385::0:14892|spacer_start_pos:11546|spacer_end_pos:11580|global_start_pos:11546|global_end_pos:11580|array_tool:CRISPRDETECT.PILERCR,genome_block_11247|Ga0208195_1172777,100.000,690,0,0,100,35,509,543,4.79e-11,65.8,Ga0255341_1004385::0:14892,Forward,1.05,MEDIUM,NO,3.25,11226,14893,11509,11545,11546,11580,GTCGCTGTCCTTGGAACCAACCTGATCAACGGACAC,GTCGCTGTCCTTGGAACCAACCTGATCAACGGACAC,GCGTCGATTCGTCCTCCCCATTCGATCATGGCGGA,CRISPRDETECT.PILERCR,6991857200379446393,343,92,-130.5,-1
Ga0255345_1006181::0:11831|spacer_start_pos:646|spacer_end_pos:680|global_start_pos:646|global_end_pos:680|array_tool:CRISPRDETECT.CRT.PILERCR,genome_block_30506|Ga0116189_1004610,100.000,9593,0,0,100,36,6648,6613,1.45e-11,67.6,Ga0255345_1006181::0:11831,Reverse,0.37,LOW,NO,3.26,40,717,609,645,646,680,GTGTCCGTTGATCAGGTTGGTTCCAAGGACAGCGAC,GTGTCCGTTGATCAGGTTGGTTCCAAGGACAGCGAC,TTCAGGCATACTATCATGAACGACTTCCCAATTTTC,CRISPRDETECT.CRT.PILERCR,6991857200379446393,154,8,6069.5,1
Ga0255342_1004151::0:15146|spacer_start_pos:1239|spacer_end_pos:1272|global_start_pos:1239|global_end_pos:1272|array_tool:CRISPRDETECT.PILERCR,genome_block_14995|Ga0302239_1042113,100.000,1181,0,0,100,34,897,930,1.62e-10,63.9,Ga0255342_1004151::0:15146,Forward,0.37,,NO,3.26,1,2164,1202,1238,1239,1272,GTGTCCGTTGATCAGGTTGGTTCCAAGGACAGCGAC,GTGTCCGTTGATCAGGTTGGTTCCAAGGACAGCGAC,TGTCAAGGCTCTGCAGGGCGTCATGCGAGTCGTG,CRISPRDETECT.PILERCR,6991857200379446393,185,24,427.0,1
Ga0255342_1004151::0:15146|spacer_start_pos:384|spacer_end_pos:418|global_start_pos:384|global_end_pos:418|array_tool:CRISPRDETECT.PILERCR,genome_block_30375|Ga0116188_1070662,100.000,1482,0,0,100,35,1222,1256,5.00e-11,65.8,Ga0255342_1004151::0:15146,Forward,0.37,,NO,3.26,1,2164,347,383,384,418,GTGTCCGTTGATCAGGTTGGTTCCAAGGACAGCGAC,GTGTCCGTTGATCAGGTTGGTTCCAAGGACAGCGAC,AAAAAGGAGACAGAATCATGAAATACCCAATTCTG,CRISPRDETECT.PILERCR,6991857200379446393,185,48,-117.0,1
DHGR01000083.1::0:7968|spacer_start_pos:3785|spacer_end_pos:3818|global_start_pos:3785|global_end_pos:3818|array_tool:CRISPRDETECT.CRT.PILERCR,genome_block_14732|Ga0265297_10024984,97.059,6048,1,0,100,34,2573,2540,7.87e-09,58.4,DHGR01000083.1::0:7968,Reverse,0.37,,NO,3.26,2692,3854,3748,3784,3785,3818,GTGTCTGTCGATCAGGTTAGTACCGGCGTCGAAAAC,GTGTCTGTCGATCAGGTTAGTACCGGCGTCGAAAAC,TTTAGTCAGCCCCAAAGACCTCCGCGCTTGCGCG,CRISPRDETECT.CRT.PILERCR,6991857200379446393,362,15,-621.5,-1
Ga0209743_1000045::8797:48797|spacer_start_pos:20107|spacer_end_pos:20141|global_start_pos:28904|global_end_pos:28938|array_tool:CRISPRDETECT.CRT.PILERCR,genome_block_22774|Ga0056139_10000244,100.000,17956,0,0,100,36,1871,1906,1.42e-11,67.6,Ga0209743_1000045::8797:48797,Reverse,0.0,MEDIUM,NO,3.26,19999,21528,20070,20106,20107.0,20141.0,ATCGCACCGCTTGAAATTGAGTTAATTGACTGACAC,ATCGCACCGCTTGAAATTGAGTTAATTGACTGACAC,TGAAAGATGAAAAGTGAAATTATGCTTCTTTATAGT,CRISPRDETECT.CRT.PILERCR,6991857200379446393,51,1,7759.5,1
Ga0209743_1000045::8797:48797|spacer_start_pos:21388|spacer_end_pos:21419|global_start_pos:30185|global_end_pos:30216|array_tool:CRISPRDETECT.CRT.PILERCR,genome_block_22774|Ga0056139_10000244,100.000,17956,0,0,100,33,14878,14846,5.19e-10,62.1,Ga0209743_1000045::8797:48797,Reverse,0.0,MEDIUM,NO,3.26,19999,21528,21351,21387,21388.0,21419.0,ATCGCACCGCTTGAAATTGAGTTAATTGACTGACAC,ATCGCACCGCTTGAAATTGAGTTAATTGACTGACAC,TTGATTCTGTAAACTATATGCAGTCCTCTGTTC,CRISPRDETECT.CRT.PILERCR,6991857200379446393,51,19,-5214.0,-1
UWYT01000181.1::3681:43681|spacer_start_pos:20467|spacer_end_pos:20502|global_start_pos:24148|global_end_pos:24183|array_tool:CRISPRDETECT.CRT.PILERCR,genome_block_22774|Ga0056139_10000244,100.000,17956,0,0,95,37,15959,15993,5.47e-11,65.8,UWYT01000181.1::3681:43681,Reverse,0.0,MEDIUM,NO,3.25,19999,22461,20430,20466,20467.0,20502.0,ATCGCACCGCTTGAAATTGAGTTAATTGACTGACAC,ATCGCACCGCTTGAAATTGAGTTAATTGACTGACAC,AAAATGGTTCTCGATATACTTTTCCTGTGACTTATTG,CRISPRDETECT.CRT.PILERCR,6991857200379446393,69,6,-1334.5,1
UWYT01000181.1::3681:43681|spacer_start_pos:20540|spacer_end_pos:20572|global_start_pos:24221|global_end_pos:24253|array_tool:CRISPRDETECT.CRT.PILERCR,genome_block_12925|Ga0209149_1000119,100.000,33032,0,0,100,34,8918,8885,1.60e-10,63.9,UWYT01000181.1::3681:43681,Reverse,0.0,MEDIUM,NO,3.25,19999,22461,20503,20539,20540,20572,ATCGCACCGCTTGAAATTGAGTTAATTGACTGACAC,ATCGCACCGCTTGAAATTGAGTTAATTGACTGACAC,TAATTTAATAATTTATCTCTTTTAAGGTCTTTTT,CRISPRDETECT.CRT.PILERCR,6991857200379446393,69,7,-7650.0,1
UWYT01000181.1::3681:43681|spacer_start_pos:21182|spacer_end_pos:21217|global_start_pos:24863|global_end_pos:24898|array_tool:CRISPRDETECT.CRT.PILERCR,genome_block_12925|Ga0209149_1000119,100.000,33032,0,0,100,37,32459,32495,4.30e-12,69.4,UWYT01000181.1::3681:43681,Reverse,0.0,MEDIUM,NO,3.25,19999,22461,21145,21181,21182,21217,ATCGCACCGCTTGAAATTGAGTTAATTGACTGACAC,ATCGCACCGCTTGAAATTGAGTTAATTGACTGACAC,TTGAAAGTGCGTTTTTTGTTAGTGCCGCTCCGATATG,CRISPRDETECT.CRT.PILERCR,6991857200379446393,69,16,15925.5,-1
Ga0209338_1000170::0:20016|spacer_start_pos:554|spacer_end_pos:586|global_start_pos:554|global_end_pos:586|array_tool:CRISPRDETECT.CRT.PILERCR,genome_block_22774|Ga0056139_10000244,100.000,17956,0,0,100,34,8540,8573,1.57e-10,63.9,Ga0209338_1000170::0:20016,Reverse,0.0,MEDIUM,NO,3.26,15,623,517,553,554.0,586.0,GTGTCAGTCAATTAACTCAATTTCAAGCGGTGCGAT,GTGTCAGTCAATTAACTCAATTTCAAGCGGTGCGAT,TGACAGACCCATCAATATTAGTGGAAGAATCTTT,CRISPRDETECT.CRT.PILERCR,6991857200379446393,158,7,-4652.5,1
Ga0209150_1000518::0:11348|spacer_start_pos:245|spacer_end_pos:280|global_start_pos:245|global_end_pos:280|array_tool:CRISPRDETECT.PILERCR,genome_block_12925|Ga0209149_1000119,100.000,33032,0,0,100,36,12895,12930,1.44e-11,67.6,Ga0209150_1000518::0:11348,Forward,0.27,MEDIUM,NO,3.23,1,1242,208,244,245.0,280.0,GTGTCAGTCAATTAACTCAATTTCAAGCGGTGTGAT,GTGTCAGTCAATTAACTCAATTTCAAGCGGTGTGAT,ATCACAAAAGAAGGGATGGTAAGCACTCTAGCAGGT,CRISPRDETECT.PILERCR,6991857200379446393,235,26,-14890.5,1
Ga0209428_1006610::0:4092|spacer_start_pos:3579|spacer_end_pos:3614|global_start_pos:3579|global_end_pos:3614|array_tool:CRISPRDETECT.CRT.PILERCR,genome_block_12925|Ga0209149_1000119,100.000,33032,0,0,100,36,8209,8174,1.44e-11,67.6,Ga0209428_1006610::0:4092,Forward,0.27,MEDIUM,NO,3.26,3542,4075,3542,3578,3579,3614,ATCGCACCGCTTGAAATTGAGTTAATTGACTGACAC,ATCGCACCGCTTGAAATTGAGTTAATTGACTGACAC,GACGCAAGGTTGAGCGAAACTAGGTAATCTAGCCGT,CRISPRDETECT.CRT.PILERCR,6991857200379446393,383,6,-19097.5,-1
CP026363.1::4753808:4804811|spacer_start_pos:21270|spacer_end_pos:21306|global_start_pos:4775078|global_end_pos:4775114|array_tool:CRISPRDETECT.CRT.PILERCR,genome_block_34968|NSXP01000016.1,94.737,55637,1,1,100,37,31823,31786,9.94e-09,58.4,CP026363.1::4753808:4804811,Forward,0.64,HIGH,NO,3.26,20000,22514,21233,21269,21270,21306,GTGCTAACCACGAAGCTTTCCACTAAGCTTTCGAAC,GTGCTAACCACGAAGCTTTCCACTAAGCTTTCGAAC,GGAGGGAGATTAGATGCCAAACGAGTTCAACGAGCAG,CRISPRDETECT.CRT.PILERCR,6991857200379446393,355,16,3621.5,-1
CP026363.1::4753808:4804811|spacer_start_pos:30526|spacer_end_pos:30559|global_start_pos:4784334|global_end_pos:4784367|array_tool:CRISPRDETECT.CRT.PILERCR,genome_block_32284|JATL01000060.1,100.000,88074,0,0,100,34,61912,61945,1.70e-10,63.9,CP026363.1::4753808:4804811,Forward,0.64,LOW,NO,3.26,28736,34095,30489,30525,30526.0,30559.0,GTGCTAATCCCGAAGCTTTCCACTAAGCTTTCGAAC,GTGCTAATCCCGAAGCTTTCCACTAAGCTTTCGAAC,CGCTAATGGACGAGTACGCCCGCGCCATCCACTC,CRISPRDETECT.CRT.PILERCR,6991857200379446393,356,48,-31479.0,-1
CP026363.1::4753808:4804811|spacer_start_pos:30526|spacer_end_pos:30559|global_start_pos:4784334|global_end_pos:4784367|array_tool:CRISPRDETECT.CRT.PILERCR,genome_block_32186|KI301978.1,100.000,150177,0,0,100,34,140475,140508,1.70e-10,63.9,CP026363.1::4753808:4804811,Forward,0.64,LOW,NO,3.26,28736,34095,30489,30525,30526,30559,GTGCTAATCCCGAAGCTTTCCACTAAGCTTTCGAAC,GTGCTAATCCCGAAGCTTTCCACTAAGCTTTCGAAC,CGCTAATGGACGAGTACGCCCGCGCCATCCACTC,CRISPRDETECT.CRT.PILERCR,6991857200379446393,356,48,-45447.5,-1
CP026363.1::4753808:4804811|spacer_start_pos:30596|spacer_end_pos:30631|global_start_pos:4784404|global_end_pos:4784439|array_tool:CRISPRDETECT.CRT.PILERCR,genome_block_32186|KI301978.1,100.000,150177,0,0,100,36,105973,105938,1.53e-11,67.6,CP026363.1::4753808:4804811,Forward,0.64,LOW,NO,3.26,28736,34095,30559,30595,30596,30631,GTGCTAATCCCGAAGCTTTCCACTAAGCTTTCGAAC,GTGCTAATCCCGAAGCTTTCCACTAAGCTTTCGAAC,TTCCCTATGGACATTCAATATTTCGCGGAAGATTCC,CRISPRDETECT.CRT.PILERCR,6991857200379446393,356,47,-10911.5,1
RHHN01000007.1::0:38248|spacer_start_pos:10283|spacer_end_pos:10318|global_start_pos:10283|global_end_pos:10318|array_tool:CRISPRDETECT.CRT.PILERCR,genome_block_32284|JATL01000060.1,100.000,88074,0,0,100,36,30432,30467,1.54e-11,67.6,RHHN01000007.1::0:38248,Forward,0.41,LOW,NO,3.26,6818,12024,10246,10282,10283.0,10318.0,GTTCGAAAGCTTAGTGGAAAGCTTCGGGATTAGCAC,GTTCGAAAGCTTAGTGGAAAGCTTCGGGATTAGCAC,GGAATCTTCCGCGAAATATTGAATGTCCATAGGGAA,CRISPRDETECT.CRT.PILERCR,6991857200379446393,400,25,31479.0,-1
RHHN01000007.1::0:38248|spacer_start_pos:6998|spacer_end_pos:7032|global_start_pos:6998|global_end_pos:7032|array_tool:CRISPRDETECT.CRT.PILERCR,genome_block_32186|KI301978.1,100.000,150177,0,0,100,35,95027,95061,5.11e-11,65.8,RHHN01000007.1::0:38248,Forward,0.41,LOW,NO,3.26,6818,12024,6961,6997,6998.0,7032.0,GTTCGAAAGCTTAGTGGAAAGCTTCGGGATTAGCAC,GTTCGAAAGCTTAGTGGAAAGCTTCGGGATTAGCAC,AACCGGGCCGCTTGTCGATGTCCGCAGGGCTCGCG,CRISPRDETECT.CRT.PILERCR,6991857200379446393,400,78,45447.5,-1
RHHN01000007.1::0:38248|spacer_start_pos:10283|spacer_end_pos:10318|global_start_pos:10283|global_end_pos:10318|array_tool:CRISPRDETECT.CRT.PILERCR,genome_block_32186|KI301978.1,100.000,150177,0,0,100,36,105938,105973,1.53e-11,67.6,RHHN01000007.1::0:38248,Forward,0.41,LOW,NO,3.26,6818,12024,10246,10282,10283,10318,GTTCGAAAGCTTAGTGGAAAGCTTCGGGATTAGCAC,GTTCGAAAGCTTAGTGGAAAGCTTCGGGATTAGCAC,GGAATCTTCCGCGAAATATTGAATGTCCATAGGGAA,CRISPRDETECT.CRT.PILERCR,6991857200379446393,400,25,34536.0,-1
RHHN01000007.1::0:38248|spacer_start_pos:6855|spacer_end_pos:6888|global_start_pos:6855|global_end_pos:6888|array_tool:CRISPRDETECT.CRT,genome_block_35548|BJOD01000049.1,100.000,37546,0,0,100,34,11378,11411,1.70e-10,63.9,RHHN01000007.1::0:38248,Forward,0.41,LOW,NO,3.26,6818,12024,6818,6854,6855,6888,GTTCGAAAGCTTAGTGGAAAGCTTCGGGATTAGCAC,GTTCGAAAGCTTAGTGGAAAGCTTCGGGATTAGCAC,TCTGAACGTGCGCCTCTCCCGGCGCACGTTGCGG,CRISPRDETECT.CRT,6991857200379446393,400,80,7215.0,1
Ga0272442_10000401::38255:70682|spacer_start_pos:20699|spacer_end_pos:20735|global_start_pos:58954|global_end_pos:58990|array_tool:CRISPRDETECT.CRT.PILERCR,genome_block_16431|Ga0272442_10000230,100.000,94084,0,0,100,38,32238,32275,1.29e-12,71.3,Ga0272442_10000401::38255:70682,Reverse,0.0,HIGH,NO,3.25,19998,21067,20662,20698,20699.0,20735.0,GTCCCACCATCTACAGCTTCCGGCAGCGCTTGCGAC,GTCCCACCATCTACAGCTTCCGGCAGCGCTTGCGAC,CTTGAGTTCCCTCGCCCGTCAAAGATCGACGATAAGGT,CRISPRDETECT.CRT.PILERCR,6991857200379446393,152,9,32156.0,-1
Ga0272442_10000401::38255:70682|spacer_start_pos:20773|spacer_end_pos:20812|global_start_pos:59028|global_end_pos:59067|array_tool:CRISPRDETECT.CRT.PILERCR,genome_block_16431|Ga0272442_10000230,97.561,94084,1,0,100,41,46169,46129,1.45e-12,71.3,Ga0272442_10000401::38255:70682,Reverse,0.0,HIGH,NO,3.25,19998,21067,20736,20772,20773.0,20812.0,GTCCCACCATCTACAGCTTCCGGCAGCGCTTGCGAC,GTCCCACCATCTACAGCTTCCGGCAGCGCTTGCGAC,CGGGCTGACTCGGGCATGACCGATCCCGAGTAGTGCTCGCA,CRISPRDETECT.CRT.PILERCR,6991857200379446393,152,10,46048.5,1
Ga0208609_100002::281988:321988|spacer_start_pos:21249|spacer_end_pos:21283|global_start_pos:303237|global_end_pos:303271|array_tool:CRISPRDETECT.CRT.PILERCR,genome_block_26805|Ga0075012_10003854,100.000,14079,0,0,97,35,9948,9981,1.84e-10,63.9,Ga0208609_100002::281988:321988,Forward,0.74,MEDIUM,NO,3.26,20000,23444,21212,21248,21249.0,21283.0,GGCGCAGAGGTTGGCACCAACCTGATCGACGGACAC,GGCGCAGAGGTTGGCACCAACCTGATCGACGGACAC,TACTCGTTCGCCTCGTCCTCGAGCAGGCTCTTCGT,CRISPRDETECT.CRT.PILERCR,6991857200379446393,39,30,7565.0,1
Ga0207874_1005323::0:8821|spacer_start_pos:103|spacer_end_pos:137|global_start_pos:103|global_end_pos:137|array_tool:CRISPRDETECT.CRT.PILERCR,genome_block_11758|Ga0207874_1000829,100.000,40717,0,0,100,35,21575,21541,5.04e-11,65.8,Ga0207874_1005323::0:8821,Forward,0.37,MEDIUM,NO,3.26,1,1603,66,102,103,137,GTGTCAGCCGATCGGATAGCCGTTGGCCAGATCGAC,GTGTCAGCCGATCGGATAGCCGTTGGCCAGATCGAC,TTGCACACCGCTTCGGCTTCGCCACGGTTCCACAC,CRISPRDETECT.CRT.PILERCR,6991857200379446393,136,40,-4348.0,-1
JGI12104J13512_1001147::0:20415|spacer_start_pos:8160|spacer_end_pos:8194|global_start_pos:8160|global_end_pos:8194|array_tool:CRISPRDETECT.CRT.PILERCR,genome_block_32197|AXXN01000016.1,100.000,18399,0,0,100,35,12657,12623,5.13e-11,65.8,JGI12104J13512_1001147::0:20415,Forward,1.15,MEDIUM,NO,2.82,8122,8372,8122,8159,8160.0,8194.0,GGTGCCGACGTCGGCACCAACCTGATCGACGGACACT,GGTGCCGACGTCGGCACCAACCTGATCGACGGACACT,ACACCGCGGACAGTATTTTCTGATGGTCACCTCCC,CRISPRDETECT.CRT.PILERCR,6991857200379446393,49,2,1280.5,-1
KI301973.1::293271:343336|spacer_start_pos:30824|spacer_end_pos:30865|global_start_pos:324095|global_end_pos:324136|array_tool:CRISPRDETECT.CRT.PILERCR,genome_block_32284|JATL01000013.1,100.000,49711,0,0,95,42,40019,40058,1.24e-13,75.0,KI301973.1::293271:343336,Unconfirmed,0.0,,NO,3.26,30065,31047,30788,30823,30824.0,30865.0,GTACATCCCCTTCAATTTCCACTAAGCTTTCGAAC,GTACATCCCCTTCAATTTCCACTAAGCTTTCGAAC,GCGCAACTCTTGCAAAGTTTTTTGCAGCAACATTTTTTCCGT,CRISPRDETECT.CRT.PILERCR,6991857200379446393,45,12,-7415.5,1
KI301973.1::293271:343336|spacer_start_pos:30670|spacer_end_pos:30712|global_start_pos:323941|global_end_pos:323983|array_tool:CRISPRDETECT.CRT.PILERCR,genome_block_32186|KI301969.1,100.000,1854053,0,0,95,43,743160,743120,3.63e-14,76.8,KI301973.1::293271:343336,Unconfirmed,0.0,,NO,3.26,30065,31047,30634,30669,30670,30712,GTACATCCCCTTCAATTTCCACTAAGCTTTCGAAC,GTACATCCCCTTCAATTTCCACTAAGCTTTCGAAC,ATGTACATCCTGCATCAGTTCGAAGGAAGCGGGATCAGCTAGT,CRISPRDETECT.CRT.PILERCR,6991857200379446393,45,10,-35321.5,-1
KI301973.1::293271:343336|spacer_start_pos:30824|spacer_end_pos:30865|global_start_pos:324095|global_end_pos:324136|array_tool:CRISPRDETECT.CRT.PILERCR,genome_block_32186|KI301969.1,100.000,1854053,0,0,95,42,735744,735705,1.24e-13,75.0,KI301973.1::293271:343336,Unconfirmed,0.0,,NO,3.26,30065,31047,30788,30823,30824,30865,GTACATCCCCTTCAATTTCCACTAAGCTTTCGAAC,GTACATCCCCTTCAATTTCCACTAAGCTTTCGAAC,GCGCAACTCTTGCAAAGTTTTTTGCAGCAACATTTTTTCCGT,CRISPRDETECT.CRT.PILERCR,6991857200379446393,45,12,-27906.0,-1
KI301973.1::293271:343336|spacer_start_pos:30670|spacer_end_pos:30712|global_start_pos:323941|global_end_pos:323983|array_tool:CRISPRDETECT.CRT.PILERCR,genome_block_34937|RHHN01000008.1,100.000,185713,0,0,95,43,102036,102076,3.64e-14,76.8,KI301973.1::293271:343336,Unconfirmed,0.0,,NO,3.26,30065,31047,30634,30669,30670,30712,GTACATCCCCTTCAATTTCCACTAAGCTTTCGAAC,GTACATCCCCTTCAATTTCCACTAAGCTTTCGAAC,ATGTACATCCTGCATCAGTTCGAAGGAAGCGGGATCAGCTAGT,CRISPRDETECT.CRT.PILERCR,6991857200379446393,45,10,-33137.5,-1
KI301973.1::293271:343336|spacer_start_pos:30824|spacer_end_pos:30865|global_start_pos:324095|global_end_pos:324136|array_tool:CRISPRDETECT.CRT.PILERCR,genome_block_34937|RHHN01000008.1,100.000,185713,0,0,95,42,109452,109491,1.25e-13,75.0,KI301973.1::293271:343336,Unconfirmed,0.0,,NO,3.26,30065,31047,30788,30823,30824,30865,GTACATCCCCTTCAATTTCCACTAAGCTTTCGAAC,GTACATCCCCTTCAATTTCCACTAAGCTTTCGAAC,GCGCAACTCTTGCAAAGTTTTTTGCAGCAACATTTTTTCCGT,CRISPRDETECT.CRT.PILERCR,6991857200379446393,45,12,-25722.0,-1
KI301973.1::293271:343336|spacer_start_pos:30901|spacer_end_pos:30937|global_start_pos:324172|global_end_pos:324208|array_tool:CRISPRDETECT.CRT.PILERCR,genome_block_35123|CP026363.1,100.000,5374818,0,0,97,37,1458395,1458360,1.65e-11,67.6,KI301973.1::293271:343336,Unconfirmed,0.0,,NO,3.26,30065,31047,30865,30900,30901,30937,GTACATCCCCTTCAATTTCCACTAAGCTTTCGAAC,GTACATCCCCTTCAATTTCCACTAAGCTTTCGAAC,TCAACCATACTTATTTATTTTAGCACTGCCCCAAAGT,CRISPRDETECT.CRT.PILERCR,6991857200379446393,45,13,-1643396.0,1
Ga0209101_1002021::0:14071|spacer_start_pos:665|spacer_end_pos:701|global_start_pos:665|global_end_pos:701|array_tool:CRISPRDETECT,genome_block_8373|Ga0212092_1038516,100.000,2484,0,0,97,38,65,101,4.83e-12,69.4,Ga0209101_1002021::0:14071,Reverse,0.64,LOW,NO,3.26,209,2161,629,665,665.0,701.0,GTGTCAGTCGTTCAGGCGCGAATCGGCTACTGCAAC,GTGTCAGTCGTTCAGGCGCGAATCGGCTACTGCAAC,ATCACGGCAACCGGCCAGAAACAGATGGAGGAGTTCGG,CRISPRDETECT,6991857200379446393,296,9,-170.5,-1
Ga0209101_1002021::0:14071|spacer_start_pos:1166|spacer_end_pos:1197|global_start_pos:1166|global_end_pos:1197|array_tool:CRISPRDETECT,genome_block_8373|Ga0212092_1038516,100.000,2484,0,0,100,33,345,377,5.56e-10,62.1,Ga0209101_1002021::0:14071,Reverse,0.64,LOW,NO,3.26,209,2161,1127,1163,1166.0,1197.0,GTGTCAGTCGTTCAGGCGCGAATCGGCTACTGCAAC,GTGTCAGTCGTTCAGGCGCGAATCGGCTACTGCAAC,ACCGTCTCGAGAGCCATCTGCGGCTGCAGAAGC,CRISPRDETECT,6991857200379446393,296,19,107.5,-1
Ga0209101_1002021::0:14071|spacer_start_pos:1591|spacer_end_pos:1625|global_start_pos:1591|global_end_pos:1625|array_tool:CRISPRDETECT.CRT.PILERCR,genome_block_31277|Ga0129299_1022156,100.000,3221,0,0,97,36,265,231,5.40e-11,65.8,Ga0209101_1002021::0:14071,Reverse,0.64,LOW,NO,3.26,209,2161,1554,1590,1591,1625,GTGTCAGTCGTTCAGGCGCGAATCGGCTACTGCAAC,GTGTCAGTCGTTCAGGCGCGAATCGGCTACTGCAAC,CAAACATGCTGGGCCAGCCTAATATCTTCTGGAGAA,CRISPRDETECT.CRT.PILERCR,6991857200379446393,296,27,2646.5,-1
SORF01000010.1::26855:68043|spacer_start_pos:20103|spacer_end_pos:20132|global_start_pos:46958|global_end_pos:46987|array_tool:CRISPRDETECT.CRT.PILERCR,genome_block_33166|JXBW01000023.1,100.000,42929,0,0,100,30,31107,31136,1.91e-08,56.5,SORF01000010.1::26855:68043,Forward,0.41,LOW,NO,3.26,19868,23402,20066,20102,20103.0,20132.0,ATCATACCACATCGAGGCTTACGAGGGAACTATGAC,ATCATACCACATCGAGGCTTACGAGGGAACTATGAC,GATGCTGGTTTTATCGACGAGGAACTAGAC,CRISPRDETECT.CRT.PILERCR,6991857200379446393,183,49,-4903.0,1
SORF01000010.1::26855:68043|spacer_start_pos:20235|spacer_end_pos:20264|global_start_pos:47090|global_end_pos:47119|array_tool:CRISPRDETECT.CRT.PILERCR,genome_block_33166|JXBW01000023.1,100.000,42929,0,0,100,30,31249,31220,1.91e-08,56.5,SORF01000010.1::26855:68043,Forward,0.41,LOW,NO,3.26,19868,23402,20198,20234,20235.0,20264.0,ATCATACCACATCGAGGCTTACGAGGGAACTATGAC,ATCATACCACATCGAGGCTTACGAGGGAACTATGAC,TTGATCCGACGTCCACGAGATCTCCTCTTG,CRISPRDETECT.CRT.PILERCR,6991857200379446393,183,47,-4790.0,-1
SORF01000010.1::26855:68043|spacer_start_pos:20961|spacer_end_pos:20990|global_start_pos:47816|global_end_pos:47845|array_tool:CRISPRDETECT.CRT.PILERCR,genome_block_33166|JXBW01000023.1,100.000,42929,0,0,100,30,35337,35308,1.91e-08,56.5,SORF01000010.1::26855:68043,Forward,0.41,LOW,NO,3.26,19868,23402,20924,20960,20961.0,20990.0,ATCATACCACATCGAGGCTTACGAGGGAACTATGAC,ATCATACCACATCGAGGCTTACGAGGGAACTATGAC,ATCCGTGGAGGGCACAATGAGTGGATTCCA,CRISPRDETECT.CRT.PILERCR,6991857200379446393,183,36,-702.0,-1
SORF01000010.1::26855:68043|spacer_start_pos:22479|spacer_end_pos:22508|global_start_pos:49334|global_end_pos:49363|array_tool:CRISPRDETECT.CRT.PILERCR,genome_block_33166|JXBW01000023.1,100.000,42929,0,0,100,30,32020,31991,1.91e-08,56.5,SORF01000010.1::26855:68043,Forward,0.41,LOW,NO,3.26,19868,23402,22442,22478,22479.0,22508.0,ATCATACCACATCGAGGCTTACGAGGGAACTATGAC,ATCATACCACATCGAGGCTTACGAGGGAACTATGAC,CTTGTCCTGCTTGCGCGCAACATAGTCCTG,CRISPRDETECT.CRT.PILERCR,6991857200379446393,183,13,-4019.0,-1
SORF01000010.1::26855:68043|spacer_start_pos:21621|spacer_end_pos:21650|global_start_pos:48476|global_end_pos:48505|array_tool:CRISPRDETECT.CRT.PILERCR,genome_block_25359|Ga0070737_10012869,100.000,6488,0,0,100,30,4988,4959,1.90e-08,56.5,SORF01000010.1::26855:68043,Forward,0.41,LOW,NO,3.26,19868,23402,21584,21620,21621,21650,ATCATACCACATCGAGGCTTACGAGGGAACTATGAC,ATCATACCACATCGAGGCTTACGAGGGAACTATGAC,ATCAGCGCCACTACGCTTCCCGTGTTGAAA,CRISPRDETECT.CRT.PILERCR,6991857200379446393,183,26,1436.0,-1
SORF01000010.1::26855:68043|spacer_start_pos:20565|spacer_end_pos:20594|global_start_pos:47420|global_end_pos:47449|array_tool:CRISPRDETECT.CRT.PILERCR,genome_block_25360|Ga0070737_10087878,100.000,1476,0,0,100,30,468,439,1.87e-08,56.5,SORF01000010.1::26855:68043,Forward,0.41,LOW,NO,3.26,19868,23402,20528,20564,20565.0,20594.0,ATCATACCACATCGAGGCTTACGAGGGAACTATGAC,ATCATACCACATCGAGGCTTACGAGGGAACTATGAC,GCGGCTTTTCCTGGCACGCAACTCGCGCTC,CRISPRDETECT.CRT.PILERCR,6991857200379446393,183,42,558.0,1
Ga0163150_10009990::0:10363|spacer_start_pos:10028|spacer_end_pos:10063|global_start_pos:10028|global_end_pos:10063|array_tool:CRISPRDETECT.PILERCR,genome_block_6166|Ga0163150_10467291,100.000,564,0,0,100,36,56,21,1.44e-11,67.6,Ga0163150_10009990::0:10363,Reverse,0.37,,NO,3.26,9777,10314,9991,10027,10028.0,10063.0,GCCGCATCACCCGACGCGGCCCTGATCGACGGACAC,GCCGCATCACCCGACGCGGCCCTGATCGACGGACAC,ATGGCAGTCCTTCTCCCACGTGTGCGTTACCCGATC,CRISPRDETECT.PILERCR,6991857200379446393,243,6,416.5,-1
Ga0307408_100001027::1075:21465|spacer_start_pos:20106|spacer_end_pos:20137|global_start_pos:21181|global_end_pos:21212|array_tool:CRISPRDETECT,genome_block_17315|Ga0307408_100000100,100.000,95020,0,0,100,32,94455,94486,1.79e-09,60.2,Ga0307408_100001027::1075:21465,Forward,1.42,HIGH,NO,3.23,19999,20387,20068,20105,20106.0,20137.0,GGCCGCAGAGAGCGCCGTTTCAGGAAGCGTCAGGCGG,GGCCGCAGAGAGCGCCGTTTCAGGAAGCGTCAGGCGG,TCTTGCACGTGGTCTTCGGTGACGAAGGCCTG,CRISPRDETECT,6991857200379446393,111,6,-1793.0,-1
CP019454.1::3295676:3317203|spacer_start_pos:20037|spacer_end_pos:20071|global_start_pos:3315713|global_end_pos:3315747|array_tool:CRISPRDETECT.CRT.PILERCR,genome_block_33586|MOEG01000025.1,100.000,7946,0,0,100,35,3323,3289,5.14e-11,65.8,CP019454.1::3295676:3317203,Forward,0.64,LOW,NO,3.26,20000,21527,20000,20036,20037.0,20071.0,GTCGGAGTACGAGATGAATGCTTAGGTTGTTGGCAC,GTCGGAGTACGAGATGAATGCTTAGGTTGTTGGCAC,AAGGCCGGGGCTTTCGCGGCGCGTTGGAATACGAC,CRISPRDETECT.CRT.PILERCR,6991857200379446393,322,20,1881.5,-1
